rating,amount
G,10511.880000000001
NC-17,12634.92
PG,12236.650000000001
PG-13,13855.560000000001
R,12073.03
